"Part";"Value";"Device";"Package";"Description";"DATASHEETURL";"DESCRIPTION";"FAMILY_NAME";"GENERIC_PART_NUMBER";"INDUSTRY_STD_PKG_TYPE";"MANUFACTURER";"MANUFACTURER_PART_NUMBER";"MF";"MPN";"OC_FARNELL";"OC_NEWARK";"PACKAGE";"PACKAGE_DESIGNATOR";"PIN_COUNT";"PROD_ID";"SPICEMODEL";"SPICEPREFIX";"SUPPLIER";"TOLERANCE";"VALUE";"VENDOR";
"5VREG";"AP1509SOIC-8-TIGHT";"AP1509SOIC-8-TIGHT";"SO08-TIGHT";"150KHz, 2A PWM BUCK DC/DC CONVERTER";"";"";"";"";"";"";"";"";"";"";"";"";"";"";"";"";"";"";"";"";"";
"6V_REG";"AOZ1284";"AOZ1284";"SO08-EXPOSED";"";"";"";"";"";"";"";"";"";"";"";"";"";"";"";"";"";"";"";"";"";"";
"ADC";"JST_SH_6";"JST_SH_6";"JST_SH_6";"";"";"";"";"";"";"";"";"";"";"";"";"";"";"";"";"";"";"";"";"";"";
"BAL";"BQ29209";"BQ29209";"8-SON_3X3MM";"BQ29209 2-CELL Balance and Overvoltage Protection";"";"";"";"";"";"";"";"";"";"";"";"";"";"";"";"";"";"";"";"";"";
"BMP";"BMP180";"BMP180";"BMP180";"BOSCH BMP180 DIGITAL BAROMETRIC PRESSURE SENSOR";"";"";"";"";"";"";"";"";"";"";"";"";"";"";"";"";"";"";"";"";"";
"C$108";"10uF 25V";"CAP0805";"0805";"Capacitor";"";"";"";"";"";"";"";"";"";"";"";"";"";"";"";"";"";"";"";"";"";
"C1";"10uF";"C";"C0805";"CAPACITOR, European symbol";"";"";"";"";"";"";"";"";"";"";"";"";"";"";"";"NONE";"C";"";"";"";"";
"C2";"10uF";"C";"C0805";"CAPACITOR, European symbol";"";"";"";"";"";"";"";"";"";"";"";"";"";"";"";"NONE";"C";"";"";"";"";
"C3";"0.1uF";"CC0402";"C0402";"CAPACITOR, European symbol";"";"";"";"";"";"";"";"";"";"";"";"";"";"";"";"NONE";"C";"";"";"";"";
"C4";"10uF";"C";"C0805";"CAPACITOR, European symbol";"";"";"";"";"";"";"";"";"";"";"";"";"";"";"";"NONE";"C";"";"";"";"";
"C5";"0.1uF";"CAP0402-CAP";"0402-CAP";"Capacitor";"";"";"";"";"";"";"";"";"";"";"";"";"";"";"";"";"";"";"";"";"";
"C6";"0.1uF";"CAP0402-CAP";"0402-CAP";"Capacitor";"";"";"";"";"";"";"";"";"";"";"";"";"";"";"";"";"";"";"";"";"";
"C7";"10uF";"C";"C0805";"CAPACITOR, European symbol";"";"";"";"";"";"";"";"";"";"";"";"";"";"";"";"NONE";"C";"";"";"";"";
"C8";"10uF";"C";"C0805";"CAPACITOR, European symbol";"";"";"";"";"";"";"";"";"";"";"";"";"";"";"";"NONE";"C";"";"";"";"";
"C9";"10uF";"C";"C0805";"CAPACITOR, European symbol";"";"";"";"";"";"";"";"";"";"";"";"";"";"";"";"NONE";"C";"";"";"";"";
"C10";"10uF";"C";"C0805";"CAPACITOR, European symbol";"";"";"";"";"";"";"";"";"";"";"";"";"";"";"";"NONE";"C";"";"";"";"";
"C11";"10uF";"C";"C0805";"CAPACITOR, European symbol";"";"";"";"";"";"";"";"";"";"";"";"";"";"";"";"NONE";"C";"";"";"";"";
"C12";"10uF";"C";"C0805";"CAPACITOR, European symbol";"";"";"";"";"";"";"";"";"";"";"";"";"";"";"";"NONE";"C";"";"";"";"";
"C13";"10uF";"C";"C0805";"CAPACITOR, European symbol";"";"";"";"";"";"";"";"";"";"";"";"";"";"";"";"NONE";"C";"";"";"";"";
"C14";"10uF";"C";"C0805";"CAPACITOR, European symbol";"";"";"";"";"";"";"";"";"";"";"";"";"";"";"";"NONE";"C";"";"";"";"";
"C15";"10uF";"C";"C0805";"CAPACITOR, European symbol";"";"";"";"";"";"";"";"";"";"";"";"";"";"";"";"NONE";"C";"";"";"";"";
"C16";"2.2uF";"CC0402";"C0402";"CAPACITOR, European symbol";"";"";"";"";"";"";"";"";"";"";"";"";"";"";"";"NONE";"C";"";"";"";"";
"C17";"2.2uF";"CC0402";"C0402";"CAPACITOR, European symbol";"";"";"";"";"";"";"";"";"";"";"";"";"";"";"";"NONE";"C";"";"";"";"";
"C18";"2.2uF";"CC0402";"C0402";"CAPACITOR, European symbol";"";"";"";"";"";"";"";"";"";"";"";"";"";"";"";"NONE";"C";"";"";"";"";
"C19";"470pF";"CC0402";"C0402";"CAPACITOR, European symbol";"";"";"";"";"";"";"";"";"";"";"";"";"";"";"";"NONE";"C";"";"";"";"";
"C20";"0.1uF";"CC0402";"C0402";"CAPACITOR, European symbol";"";"";"";"";"";"";"";"";"";"";"";"";"";"";"";"NONE";"C";"";"";"";"";
"C21";"18pF, 50V";"CC0402";"C0402";"CAPACITOR, European symbol";"";"";"";"";"";"";"";"";"";"";"";"";"";"";"";"NONE";"C";"";"";"";"";
"C22";"";"CC0402";"C0402";"CAPACITOR, European symbol";"";"";"";"";"";"";"";"";"";"";"";"";"";"";"";"NONE";"C";"";"";"";"";
"C23";"0.1uF";"CAP0402-CAP";"0402-CAP";"Capacitor";"";"";"";"";"";"";"";"";"";"";"";"";"";"";"";"";"";"";"";"";"";
"C24";"0.1uF";"CAP0402-CAP";"0402-CAP";"Capacitor";"";"";"";"";"";"";"";"";"";"";"";"";"";"";"";"";"";"";"";"";"";
"C24A";"";"CC0402";"C0402";"CAPACITOR, European symbol";"";"";"";"";"";"";"";"";"";"";"";"";"";"";"";"NONE";"C";"";"";"";"";
"C25";"100uF 16V";"CPOL-USD";"PANASONIC_D";"POLARIZED CAPACITOR, American symbol";"";"";"";"";"";"";"";"";"";"";"";"";"";"";"";"";"";"";"";"";"";
"C25A";"";"CC0402";"C0402";"CAPACITOR, European symbol";"";"";"";"";"";"";"";"";"";"";"";"";"";"";"";"NONE";"C";"";"";"";"";
"C26";"";"CC0402";"C0402";"CAPACITOR, European symbol";"";"";"";"";"";"";"";"";"";"";"";"";"";"";"";"NONE";"C";"";"";"";"";
"C27";"";"CC0402";"C0402";"CAPACITOR, European symbol";"";"";"";"";"";"";"";"";"";"";"";"";"";"";"";"NONE";"C";"";"";"";"";
"C28";"";"CC0402";"C0402";"CAPACITOR, European symbol";"";"";"";"";"";"";"";"";"";"";"";"";"";"";"";"NONE";"C";"";"";"";"";
"C29";"";"CC0402";"C0402";"CAPACITOR, European symbol";"";"";"";"";"";"";"";"";"";"";"";"";"";"";"";"NONE";"C";"";"";"";"";
"C30";"";"CC0402";"C0402";"CAPACITOR, European symbol";"";"";"";"";"";"";"";"";"";"";"";"";"";"";"";"NONE";"C";"";"";"";"";
"C31";"";"C-EUC0402";"C0402";"CAPACITOR, European symbol";"";"";"";"";"";"";"";"";"";"";"";"";"";"";"";"";"";"";"";"";"";
"C32";"";"C-EUC0402";"C0402";"CAPACITOR, European symbol";"";"";"";"";"";"";"";"";"";"";"";"";"";"";"";"";"";"";"";"";"";
"C33";"";"C-EUC0402";"C0402";"CAPACITOR, European symbol";"";"";"";"";"";"";"";"";"";"";"";"";"";"";"";"";"";"";"";"";"";
"C34";"AVE107M06D16T-F";"AVE107M06D16T-F";"AVE107M06D16T-F";"";"";"";"";"";"";"";"";"";"";"";"";"";"";"";"";"";"";"";"";"";"";
"C35";"";"C-EUC0402";"C0402";"CAPACITOR, European symbol";"";"";"";"";"";"";"";"";"";"";"";"";"";"";"";"";"";"";"";"";"";
"C36";"";"C-EUC0402";"C0402";"CAPACITOR, European symbol";"";"";"";"";"";"";"";"";"";"";"";"";"";"";"";"";"";"";"";"";"";
"C37";"";"C-EUC0402";"C0402";"CAPACITOR, European symbol";"";"";"";"";"";"";"";"";"";"";"";"";"";"";"";"";"";"";"";"";"";
"C38";"";"C-EUC0402";"C0402";"CAPACITOR, European symbol";"";"";"";"";"";"";"";"";"";"";"";"";"";"";"";"";"";"";"";"";"";
"C39";"";"C-EUC0805";"C0805";"CAPACITOR, European symbol";"";"";"";"";"";"";"";"";"";"";"";"";"";"";"";"";"";"";"";"";"";
"C40";"";"C-EUC0805";"C0805";"CAPACITOR, European symbol";"";"";"";"";"";"";"";"";"";"";"";"";"";"";"";"";"";"";"";"";"";
"C41";"";"C-EUC0402";"C0402";"CAPACITOR, European symbol";"";"";"";"";"";"";"";"";"";"";"";"";"";"";"";"";"";"";"";"";"";
"C42";"";"C-EUC0402";"C0402";"CAPACITOR, European symbol";"";"";"";"";"";"";"";"";"";"";"";"";"";"";"";"";"";"";"";"";"";
"C43";"";"C-EUC0402";"C0402";"CAPACITOR, European symbol";"";"";"";"";"";"";"";"";"";"";"";"";"";"";"";"";"";"";"";"";"";
"C44";"";"C-EUC0402";"C0402";"CAPACITOR, European symbol";"";"";"";"";"";"";"";"";"";"";"";"";"";"";"";"";"";"";"";"";"";
"C45";"";"C-EUC0402";"C0402";"CAPACITOR, European symbol";"";"";"";"";"";"";"";"";"";"";"";"";"";"";"";"";"";"";"";"";"";
"C46";"";"C-EUC0402";"C0402";"CAPACITOR, European symbol";"";"";"";"";"";"";"";"";"";"";"";"";"";"";"";"";"";"";"";"";"";
"C47";"";"C-EUC0402";"C0402";"CAPACITOR, European symbol";"";"";"";"";"";"";"";"";"";"";"";"";"";"";"";"";"";"";"";"";"";
"C48";"";"C-EUC0402";"C0402";"CAPACITOR, European symbol";"";"";"";"";"";"";"";"";"";"";"";"";"";"";"";"";"";"";"";"";"";
"C49";"";"C-EUC0402";"C0402";"CAPACITOR, European symbol";"";"";"";"";"";"";"";"";"";"";"";"";"";"";"";"";"";"";"";"";"";
"C50";"";"C-EUC0402";"C0402";"CAPACITOR, European symbol";"";"";"";"";"";"";"";"";"";"";"";"";"";"";"";"";"";"";"";"";"";
"C51";"";"C-EUC0402";"C0402";"CAPACITOR, European symbol";"";"";"";"";"";"";"";"";"";"";"";"";"";"";"";"";"";"";"";"";"";
"C52";"";"C-EUC0402";"C0402";"CAPACITOR, European symbol";"";"";"";"";"";"";"";"";"";"";"";"";"";"";"";"";"";"";"";"";"";
"C53";"";"C-EUC0402";"C0402";"CAPACITOR, European symbol";"";"";"";"";"";"";"";"";"";"";"";"";"";"";"";"";"";"";"";"";"";
"C54";"";"C-EUC0402";"C0402";"CAPACITOR, European symbol";"";"";"";"";"";"";"";"";"";"";"";"";"";"";"";"";"";"";"";"";"";
"C55";"";"C-EUC0805";"C0805";"CAPACITOR, European symbol";"";"";"";"";"";"";"";"";"";"";"";"";"";"";"";"";"";"";"";"";"";
"C56";"";"C-EUC0402";"C0402";"CAPACITOR, European symbol";"";"";"";"";"";"";"";"";"";"";"";"";"";"";"";"";"";"";"";"";"";
"C57";"";"C-EUC0402";"C0402";"CAPACITOR, European symbol";"";"";"";"";"";"";"";"";"";"";"";"";"";"";"";"";"";"";"";"";"";
"C58";"";"C-EUC0402";"C0402";"CAPACITOR, European symbol";"";"";"";"";"";"";"";"";"";"";"";"";"";"";"";"";"";"";"";"";"";
"C59";"";"C-EUC0402";"C0402";"CAPACITOR, European symbol";"";"";"";"";"";"";"";"";"";"";"";"";"";"";"";"";"";"";"";"";"";
"C60";"";"C-EUC0402";"C0402";"CAPACITOR, European symbol";"";"";"";"";"";"";"";"";"";"";"";"";"";"";"";"";"";"";"";"";"";
"C61";"";"C-EUC0402";"C0402";"CAPACITOR, European symbol";"";"";"";"";"";"";"";"";"";"";"";"";"";"";"";"";"";"";"";"";"";
"C62";"";"C-EUC0805";"C0805";"CAPACITOR, European symbol";"";"";"";"";"";"";"";"";"";"";"";"";"";"";"";"";"";"";"";"";"";
"C63";"";"C-EUC0402";"C0402";"CAPACITOR, European symbol";"";"";"";"";"";"";"";"";"";"";"";"";"";"";"";"";"";"";"";"";"";
"C64";"";"C-EUC0402";"C0402";"CAPACITOR, European symbol";"";"";"";"";"";"";"";"";"";"";"";"";"";"";"";"";"";"";"";"";"";
"C65";"";"C-EUC0402";"C0402";"CAPACITOR, European symbol";"";"";"";"";"";"";"";"";"";"";"";"";"";"";"";"";"";"";"";"";"";
"C66";"";"C-EUC0402";"C0402";"CAPACITOR, European symbol";"";"";"";"";"";"";"";"";"";"";"";"";"";"";"";"";"";"";"";"";"";
"C67";"";"C-EUC0402";"C0402";"CAPACITOR, European symbol";"";"";"";"";"";"";"";"";"";"";"";"";"";"";"";"";"";"";"";"";"";
"C68";"";"C-EUC0402";"C0402";"CAPACITOR, European symbol";"";"";"";"";"";"";"";"";"";"";"";"";"";"";"";"";"";"";"";"";"";
"C69";"";"C-EUC0402";"C0402";"CAPACITOR, European symbol";"";"";"";"";"";"";"";"";"";"";"";"";"";"";"";"";"";"";"";"";"";
"C70";"";"C-EUC0402";"C0402";"CAPACITOR, European symbol";"";"";"";"";"";"";"";"";"";"";"";"";"";"";"";"";"";"";"";"";"";
"C71";"";"C-EUC0402";"C0402";"CAPACITOR, European symbol";"";"";"";"";"";"";"";"";"";"";"";"";"";"";"";"";"";"";"";"";"";
"C72";"";"C-EUC0402";"C0402";"CAPACITOR, European symbol";"";"";"";"";"";"";"";"";"";"";"";"";"";"";"";"";"";"";"";"";"";
"C73";"";"C-EUC0402";"C0402";"CAPACITOR, European symbol";"";"";"";"";"";"";"";"";"";"";"";"";"";"";"";"";"";"";"";"";"";
"C74";"";"C-EUC0402";"C0402";"CAPACITOR, European symbol";"";"";"";"";"";"";"";"";"";"";"";"";"";"";"";"";"";"";"";"";"";
"C75";"";"C-EUC0402";"C0402";"CAPACITOR, European symbol";"";"";"";"";"";"";"";"";"";"";"";"";"";"";"";"";"";"";"";"";"";
"C76";"";"C-EUC0402";"C0402";"CAPACITOR, European symbol";"";"";"";"";"";"";"";"";"";"";"";"";"";"";"";"";"";"";"";"";"";
"C77";"";"C-EUC0402";"C0402";"CAPACITOR, European symbol";"";"";"";"";"";"";"";"";"";"";"";"";"";"";"";"";"";"";"";"";"";
"C78";"";"C-EUC0402";"C0402";"CAPACITOR, European symbol";"";"";"";"";"";"";"";"";"";"";"";"";"";"";"";"";"";"";"";"";"";
"C79";"";"C-EUC0402";"C0402";"CAPACITOR, European symbol";"";"";"";"";"";"";"";"";"";"";"";"";"";"";"";"";"";"";"";"";"";
"C80";"";"C-EUC0402";"C0402";"CAPACITOR, European symbol";"";"";"";"";"";"";"";"";"";"";"";"";"";"";"";"";"";"";"";"";"";
"C81";"";"C-EUC0402";"C0402";"CAPACITOR, European symbol";"";"";"";"";"";"";"";"";"";"";"";"";"";"";"";"";"";"";"";"";"";
"C82";"";"C-EUC0402";"C0402";"CAPACITOR, European symbol";"";"";"";"";"";"";"";"";"";"";"";"";"";"";"";"";"";"";"";"";"";
"C83";"";"C-EUC0402";"C0402";"CAPACITOR, European symbol";"";"";"";"";"";"";"";"";"";"";"";"";"";"";"";"";"";"";"";"";"";
"C84";"";"C-EUC0402";"C0402";"CAPACITOR, European symbol";"";"";"";"";"";"";"";"";"";"";"";"";"";"";"";"";"";"";"";"";"";
"C85";"";"C-EUC0402";"C0402";"CAPACITOR, European symbol";"";"";"";"";"";"";"";"";"";"";"";"";"";"";"";"";"";"";"";"";"";
"C86";"";"C-EUC0402";"C0402";"CAPACITOR, European symbol";"";"";"";"";"";"";"";"";"";"";"";"";"";"";"";"";"";"";"";"";"";
"C87";"";"C-EUC0402";"C0402";"CAPACITOR, European symbol";"";"";"";"";"";"";"";"";"";"";"";"";"";"";"";"";"";"";"";"";"";
"C88";"";"C-EUC0402";"C0402";"CAPACITOR, European symbol";"";"";"";"";"";"";"";"";"";"";"";"";"";"";"";"";"";"";"";"";"";
"C89";"";"C-EUC0402";"C0402";"CAPACITOR, European symbol";"";"";"";"";"";"";"";"";"";"";"";"";"";"";"";"";"";"";"";"";"";
"C90";"";"C-EUC0402";"C0402";"CAPACITOR, European symbol";"";"";"";"";"";"";"";"";"";"";"";"";"";"";"";"";"";"";"";"";"";
"C91";"";"C-EUC0402";"C0402";"CAPACITOR, European symbol";"";"";"";"";"";"";"";"";"";"";"";"";"";"";"";"";"";"";"";"";"";
"C92";"";"C-EUC0402";"C0402";"CAPACITOR, European symbol";"";"";"";"";"";"";"";"";"";"";"";"";"";"";"";"";"";"";"";"";"";
"C93";"";"C-EUC0402";"C0402";"CAPACITOR, European symbol";"";"";"";"";"";"";"";"";"";"";"";"";"";"";"";"";"";"";"";"";"";
"C94";"";"C-EUC0402";"C0402";"CAPACITOR, European symbol";"";"";"";"";"";"";"";"";"";"";"";"";"";"";"";"";"";"";"";"";"";
"C95";"";"C-EUC0805";"C0805";"CAPACITOR, European symbol";"";"";"";"";"";"";"";"";"";"";"";"";"";"";"";"";"";"";"";"";"";
"C96";"";"C-EUC0805";"C0805";"CAPACITOR, European symbol";"";"";"";"";"";"";"";"";"";"";"";"";"";"";"";"";"";"";"";"";"";
"C97";"";"C-EUC0805";"C0805";"CAPACITOR, European symbol";"";"";"";"";"";"";"";"";"";"";"";"";"";"";"";"";"";"";"";"";"";
"C98";"";"C-EUC0805";"C0805";"CAPACITOR, European symbol";"";"";"";"";"";"";"";"";"";"";"";"";"";"";"";"";"";"";"";"";"";
"C99";"";"C-EUC0805";"C0805";"CAPACITOR, European symbol";"";"";"";"";"";"";"";"";"";"";"";"";"";"";"";"";"";"";"";"";"";
"C100";"";"C-EUC0805";"C0805";"CAPACITOR, European symbol";"";"";"";"";"";"";"";"";"";"";"";"";"";"";"";"";"";"";"";"";"";
"C101";"";"C-EUC0805";"C0805";"CAPACITOR, European symbol";"";"";"";"";"";"";"";"";"";"";"";"";"";"";"";"";"";"";"";"";"";
"C102";"";"C-EUC0805";"C0805";"CAPACITOR, European symbol";"";"";"";"";"";"";"";"";"";"";"";"";"";"";"";"";"";"";"";"";"";
"C103";"";"C-EUC0805";"C0805";"CAPACITOR, European symbol";"";"";"";"";"";"";"";"";"";"";"";"";"";"";"";"";"";"";"";"";"";
"C104";"";"C-EUC0402";"C0402";"CAPACITOR, European symbol";"";"";"";"";"";"";"";"";"";"";"";"";"";"";"";"";"";"";"";"";"";
"C105";"";"C-EUC0402";"C0402";"CAPACITOR, European symbol";"";"";"";"";"";"";"";"";"";"";"";"";"";"";"";"";"";"";"";"";"";
"C106";"";"C-EUC0402";"C0402";"CAPACITOR, European symbol";"";"";"";"";"";"";"";"";"";"";"";"";"";"";"";"";"";"";"";"";"";
"C107";"";"C-EUC0402";"C0402";"CAPACITOR, European symbol";"";"";"";"";"";"";"";"";"";"";"";"";"";"";"";"";"";"";"";"";"";
"C108";"";"C-EUC0402";"C0402";"CAPACITOR, European symbol";"";"";"";"";"";"";"";"";"";"";"";"";"";"";"";"";"";"";"";"";"";
"C109";"";"C-EUC0402";"C0402";"CAPACITOR, European symbol";"";"";"";"";"";"";"";"";"";"";"";"";"";"";"";"";"";"";"";"";"";
"C110";"";"C-EUC0402";"C0402";"CAPACITOR, European symbol";"";"";"";"";"";"";"";"";"";"";"";"";"";"";"";"";"";"";"";"";"";
"C111";"";"C-EUC0402";"C0402";"CAPACITOR, European symbol";"";"";"";"";"";"";"";"";"";"";"";"";"";"";"";"";"";"";"";"";"";
"C112";"";"C-EUC0402";"C0402";"CAPACITOR, European symbol";"";"";"";"";"";"";"";"";"";"";"";"";"";"";"";"";"";"";"";"";"";
"C113";"";"C-EUC0402";"C0402";"CAPACITOR, European symbol";"";"";"";"";"";"";"";"";"";"";"";"";"";"";"";"";"";"";"";"";"";
"C114";"";"C-EUC0402";"C0402";"CAPACITOR, European symbol";"";"";"";"";"";"";"";"";"";"";"";"";"";"";"";"";"";"";"";"";"";
"C115";"";"C-EUC0402";"C0402";"CAPACITOR, European symbol";"";"";"";"";"";"";"";"";"";"";"";"";"";"";"";"";"";"";"";"";"";
"C116";"";"C-EUC0402";"C0402";"CAPACITOR, European symbol";"";"";"";"";"";"";"";"";"";"";"";"";"";"";"";"";"";"";"";"";"";
"C117";"";"C-EUC0402";"C0402";"CAPACITOR, European symbol";"";"";"";"";"";"";"";"";"";"";"";"";"";"";"";"";"";"";"";"";"";
"C118";"";"C-EUC0805";"C0805";"CAPACITOR, European symbol";"";"";"";"";"";"";"";"";"";"";"";"";"";"";"";"";"";"";"";"";"";
"C119";"";"C-EUC0402";"C0402";"CAPACITOR, European symbol";"";"";"";"";"";"";"";"";"";"";"";"";"";"";"";"";"";"";"";"";"";
"C120";"";"C-EUC0402";"C0402";"CAPACITOR, European symbol";"";"";"";"";"";"";"";"";"";"";"";"";"";"";"";"";"";"";"";"";"";
"C121";"";"C-EUC0402";"C0402";"CAPACITOR, European symbol";"";"";"";"";"";"";"";"";"";"";"";"";"";"";"";"";"";"";"";"";"";
"C122";"";"C-EUC0402";"C0402";"CAPACITOR, European symbol";"";"";"";"";"";"";"";"";"";"";"";"";"";"";"";"";"";"";"";"";"";
"C123";"";"C-EUC0402";"C0402";"CAPACITOR, European symbol";"";"";"";"";"";"";"";"";"";"";"";"";"";"";"";"";"";"";"";"";"";
"C124";"";"C-EUC0402";"C0402";"CAPACITOR, European symbol";"";"";"";"";"";"";"";"";"";"";"";"";"";"";"";"";"";"";"";"";"";
"C125";"";"C-EUC0402";"C0402";"CAPACITOR, European symbol";"";"";"";"";"";"";"";"";"";"";"";"";"";"";"";"";"";"";"";"";"";
"C126";"";"C-EUC0805";"C0805";"CAPACITOR, European symbol";"";"";"";"";"";"";"";"";"";"";"";"";"";"";"";"";"";"";"";"";"";
"C127";"";"C-EUC0402";"C0402";"CAPACITOR, European symbol";"";"";"";"";"";"";"";"";"";"";"";"";"";"";"";"";"";"";"";"";"";
"C128";"";"C-EUC0402";"C0402";"CAPACITOR, European symbol";"";"";"";"";"";"";"";"";"";"";"";"";"";"";"";"";"";"";"";"";"";
"C129";"";"C-EUC0402";"C0402";"CAPACITOR, European symbol";"";"";"";"";"";"";"";"";"";"";"";"";"";"";"";"";"";"";"";"";"";
"C130";"";"C-EUC0402";"C0402";"CAPACITOR, European symbol";"";"";"";"";"";"";"";"";"";"";"";"";"";"";"";"";"";"";"";"";"";
"C152";"";"C-EUC0402";"C0402";"CAPACITOR, European symbol";"";"";"";"";"";"";"";"";"";"";"";"";"";"";"";"";"";"";"";"";"";
"C153";"";"C-EUC0402";"C0402";"CAPACITOR, European symbol";"";"";"";"";"";"";"";"";"";"";"";"";"";"";"";"";"";"";"";"";"";
"C154";"";"C-EUC0402";"C0402";"CAPACITOR, European symbol";"";"";"";"";"";"";"";"";"";"";"";"";"";"";"";"";"";"";"";"";"";
"C155";"";"C-EUC0402";"C0402";"CAPACITOR, European symbol";"";"";"";"";"";"";"";"";"";"";"";"";"";"";"";"";"";"";"";"";"";
"C158";"";"CC0402";"C0402";"CAPACITOR, European symbol";"";"";"";"";"";"";"";"";"";"";"";"";"";"";"";"NONE";"C";"";"";"";"";
"C159";"";"CC0402";"C0402";"CAPACITOR, European symbol";"";"";"";"";"";"";"";"";"";"";"";"";"";"";"";"NONE";"C";"";"";"";"";
"C174";"10uF 25V";"CAP0805";"0805";"Capacitor";"";"";"";"";"";"";"";"";"";"";"";"";"";"";"";"";"";"";"";"";"";
"C175";"10uF 25V";"CAP0805";"0805";"Capacitor";"";"";"";"";"";"";"";"";"";"";"";"";"";"";"";"";"";"";"";"";"";
"C176";"10uF 25V";"CAP0805";"0805";"Capacitor";"";"";"";"";"";"";"";"";"";"";"";"";"";"";"";"";"";"";"";"";"";
"C177";"10uF 25V";"CAP0805";"0805";"Capacitor";"";"";"";"";"";"";"";"";"";"";"";"";"";"";"";"";"";"";"";"";"";
"C178";"0.1uF";"CAP0402-CAP";"0402-CAP";"Capacitor";"";"";"";"";"";"";"";"";"";"";"";"";"";"";"";"";"";"";"";"";"";
"C179";"0.1uF";"CAP0402-CAP";"0402-CAP";"Capacitor";"";"";"";"";"";"";"";"";"";"";"";"";"";"";"";"";"";"";"";"";"";
"C180";"0.1uF";"CAP0402-CAP";"0402-CAP";"Capacitor";"";"";"";"";"";"";"";"";"";"";"";"";"";"";"";"";"";"";"";"";"";
"C181";"0.1uF";"CAP0402-CAP";"0402-CAP";"Capacitor";"";"";"";"";"";"";"";"";"";"";"";"";"";"";"";"";"";"";"";"";"";
"C182";"0.1uF";"CAP0402-CAP";"0402-CAP";"Capacitor";"";"";"";"";"";"";"";"";"";"";"";"";"";"";"";"";"";"";"";"";"";
"C183";"0.1uF";"CAP0402-CAP";"0402-CAP";"Capacitor";"";"";"";"";"";"";"";"";"";"";"";"";"";"";"";"";"";"";"";"";"";
"C184";"10uF 25V";"CAP0805";"0805";"Capacitor";"";"";"";"";"";"";"";"";"";"";"";"";"";"";"";"";"";"";"";"";"";
"C185";"2.2nF 50V";"CAP0402-CAP";"0402-CAP";"Capacitor";"";"";"";"";"";"";"";"";"";"";"";"";"";"";"";"";"";"";"";"";"";
"C186";"0.1uF";"CAP0402-CAP";"0402-CAP";"Capacitor";"";"";"";"";"";"";"";"";"";"";"";"";"";"";"";"";"";"";"";"";"";
"C187";"10uF 25V";"CAP0805";"0805";"Capacitor";"";"";"";"";"";"";"";"";"";"";"";"";"";"";"";"";"";"";"";"";"";
"C188";"0.1uF";"CAP0402-CAP";"0402-CAP";"Capacitor";"";"";"";"";"";"";"";"";"";"";"";"";"";"";"";"";"";"";"";"";"";
"C189";"0.1uF";"CAP0402-CAP";"0402-CAP";"Capacitor";"";"";"";"";"";"";"";"";"";"";"";"";"";"";"";"";"";"";"";"";"";
"C190";"0.1uF";"CAP0402-CAP";"0402-CAP";"Capacitor";"";"";"";"";"";"";"";"";"";"";"";"";"";"";"";"";"";"";"";"";"";
"CHG";"YL";"LED0603";"LED-0603";"LEDs";"";"";"";"";"";"";"";"";"";"";"";"";"";"";"";"";"";"";"";"";"";
"CHG_IC";"BQ24125";"BQ24125";"QFN20_3,5X4,5";"SINGLE-CHIP SWITCHMODE, LI-ION AND LI-POLYMER CHARGE-MANAGEMENT IC";"";"";"";"";"";"";"";"";"BQ24125RHLR";"1536712";"71M2021";"";"";"";"";"";"";"";"";"";"";
"D1";"LTST-C191TBKT";"LEDSML0603";"SML0603";"LED";"";"";"";"";"";"";"";"";"";"";"";"";"";"";"";"";"";"";"";"";"";
"D2";"";"LEDCHIPLED_0603";"CHIPLED_0603";"LED";"";"";"";"";"";"";"";"";"";"";"";"";"";"";"";"";"";"";"";"";"";
"D3";"";"LEDCHIPLED_0603";"CHIPLED_0603";"LED";"";"";"";"";"";"";"";"";"";"";"";"";"";"";"";"";"";"";"";"";"";
"D4";"";"LEDCHIPLED_0603";"CHIPLED_0603";"LED";"";"";"";"";"";"";"";"";"";"";"";"";"";"";"";"";"";"";"";"";"";
"D5";"";"LEDCHIPLED_0603";"CHIPLED_0603";"LED";"";"";"";"";"";"";"";"";"";"";"";"";"";"";"";"";"";"";"";"";"";
"D9";"";"DIODESOD-123";"SOD-123";"Diode";"";"";"";"";"";"";"";"";"";"";"";"";"";"";"";"";"";"";"";"";"";
"D10";"";"DIODESOD-123";"SOD-123";"Diode";"";"";"";"";"";"";"";"";"";"";"";"";"";"";"";"";"";"";"";"";"";
"D11";"";"DIODESOD-123";"SOD-123";"Diode";"";"";"";"";"";"";"";"";"";"";"";"";"";"";"";"";"";"";"";"";"";
"D12";"GREEN";"LED0603";"LED-0603";"LEDs";"";"";"";"";"";"";"";"";"";"";"";"";"";"";"";"";"";"";"";"";"";
"D13";"RED";"LED0603";"LED-0603";"LEDs";"";"";"";"";"";"";"";"";"";"";"";"";"";"";"";"";"";"";"";"";"";
"D14";"GREEN";"LED0603";"LED-0603";"LEDs";"";"";"";"";"";"";"";"";"";"";"";"";"";"";"";"";"";"";"";"";"";
"D15";"GREEN";"LED0603";"LED-0603";"LEDs";"";"";"";"";"";"";"";"";"";"";"";"";"";"";"";"";"";"";"";"";"";
"D16";"";"DIODEDO214AA";"DO-214AA";"Diode";"";"";"";"";"";"";"";"";"";"";"";"";"";"";"";"";"";"";"";"";"";
"DSM2";"JST_ZH_3";"JST_ZH_3";"JST_ZH_3";"";"";"";"";"";"";"";"";"";"";"";"";"";"";"";"";"";"";"";"";"";"";
"E1";"JST_SH_4";"JST_SH_4";"JST_SH_4_SMD";"";"";"";"";"";"";"";"";"";"";"";"";"";"";"";"";"";"";"";"";"";"";
"E2";"JST_SH_4";"JST_SH_4";"JST_SH_4_SMD";"";"";"";"";"";"";"";"";"";"";"";"";"";"";"";"";"";"";"";"";"";"";
"E3";"JST_SH_4";"JST_SH_4";"JST_SH_4_SMD";"";"";"";"";"";"";"";"";"";"";"";"";"";"";"";"";"";"";"";"";"";"";
"E4";"JST_SH_4";"JST_SH_4";"JST_SH_4_SMD";"";"";"";"";"";"";"";"";"";"";"";"";"";"";"";"";"";"";"";"";"";"";
"FB1";"";"PM0805-R10K-RC";"INDC2115X15N";"CHIP INDUCTOR, 100NH, 400mA, 10%, 1.2GHZ";"";"";"";"";"";"";"";"";"PM0805-R10K-RC";"-";"63K3004";"";"";"";"";"";"";"BOURNS";"±10 %";"100 nH";"";
"FB2";"";"PM0805-R10K-RC";"INDC2115X15N";"CHIP INDUCTOR, 100NH, 400mA, 10%, 1.2GHZ";"";"";"";"";"";"";"";"";"PM0805-R10K-RC";"-";"63K3004";"";"";"";"";"";"";"BOURNS";"±10 %";"100 nH";"";
"FB3";"";"PM0805-R10K-RC";"INDC2115X15N";"CHIP INDUCTOR, 100NH, 400mA, 10%, 1.2GHZ";"";"";"";"";"";"";"";"";"PM0805-R10K-RC";"-";"63K3004";"";"";"";"";"";"";"BOURNS";"±10 %";"100 nH";"";
"FB7";"    150Ohm 800mA";"PM0805-R10K-RC";"INDC2115X15N";"CHIP INDUCTOR, 100NH, 400mA, 10%, 1.2GHZ";"";"";"";"";"";"";"";"";"PM0805-R10K-RC";"-";"63K3004";"";"";"";"";"";"";"BOURNS";"±10 %";"100 nH";"";
"FB8";"0.1 Ohm,0805";"PM0805-R10K-RC";"INDC2115X15N";"CHIP INDUCTOR, 100NH, 400mA, 10%, 1.2GHZ";"";"";"";"";"";"";"";"";"PM0805-R10K-RC";"-";"63K3004";"";"";"";"";"";"";"BOURNS";"±10 %";"100 nH";"";
"FULL";"GRN";"LED0603";"LED-0603";"LEDs";"";"";"";"";"";"";"";"";"";"";"";"";"";"";"";"";"";"";"";"";"";
"GPS";"JST_SH_6";"JST_SH_6";"JST_SH_6";"";"";"";"";"";"";"";"";"";"";"";"";"";"";"";"";"";"";"";"";"";"";
"GRN";"GRN";"LED0603";"LED-0603";"LEDs";"";"";"";"";"";"";"";"";"";"";"";"";"";"";"";"";"";"";"";"";"";
"H1";"TB6621FNG";"TB6621FNG";"SSOP24";"Toshiba 1A motor driver";"";"";"";"";"";"";"";"";"";"";"";"";"";"";"";"";"";"";"";"";"";
"H2";"TB6621FNG";"TB6621FNG";"SSOP24";"Toshiba 1A motor driver";"";"";"";"";"";"";"";"";"";"";"";"";"";"";"";"";"";"";"";"";"";
"I2C1";"JST_SH_4";"JST_SH_4";"JST_SH_4_SMD";"";"";"";"";"";"";"";"";"";"";"";"";"";"";"";"";"";"";"";"";"";"";
"J1";"68000-406HLF";"68000-406HLF";"68000-406HLF";"";"";"";"";"";"";"";"";"";"";"";"";"";"";"";"";"";"";"";"";"";"";
"JACK";"5.5x2.1mm";"DCJ0303";"DCJ0303";"DC POWER JACK";"";"";"";"";"";"";"";"";"";"unknown";"unknown";"";"";"";"";"";"";"";"";"";"";
"L1";"";"LQM2HPN2RMG0L";"LQM2HPN2R2MG0L";"";"";"";"";"";"";"";"";"";"";"";"";"";"";"";"";"";"";"";"";"";"";
"L2";"";"LQM2HPN2RMG0L";"LQM2HPN2R2MG0L";"";"";"";"";"";"";"";"";"";"";"";"";"";"";"";"";"";"";"";"";"";"";
"L3";"";"LQM2HPN2RMG0L";"LQM2HPN2R2MG0L";"";"";"";"";"";"";"";"";"";"";"";"";"";"";"";"";"";"";"";"";"";"";
"L4";"10uH";"INDUCTORBOURNS_SRN6045";"SRN6045";"Inductors";"";"";"";"";"";"";"";"";"";"";"";"";"";"";"NDUC-11627";"";"";"";"";"33uH";"";
"L5";"10uH";"INDUCTORBOURNS_SRN6045";"SRN6045";"Inductors";"";"";"";"";"";"";"";"";"";"";"";"";"";"";"NDUC-11627";"";"";"";"";"33uH";"";
"L6";"3.3uH";"INDUCTOR";"8X8MM_INDUCTOR";"Inductors";"";"";"";"";"";"";"";"";"";"";"";"";"";"";"";"";"";"";"";"3.3uH";"";
"LIPO";"";"JST_XH_3-PIN";"JST_XH_3-PIN";"";"";"";"";"";"";"";"";"";"";"";"";"";"";"";"";"";"";"";"";"";"";
"M1";"JST_ZH_2";"JST_ZH_2";"JST_ZH_2";"";"";"";"";"";"";"";"";"";"";"";"";"";"";"";"";"";"";"";"";"";"";
"M2";"JST_ZH_2";"JST_ZH_2";"JST_ZH_2";"";"";"";"";"";"";"";"";"";"";"";"";"";"";"";"";"";"";"";"";"";"";
"M3";"JST_ZH_2";"JST_ZH_2";"JST_ZH_2";"";"";"";"";"";"";"";"";"";"";"";"";"";"";"";"";"";"";"";"";"";"";
"M4";"JST_ZH_2";"JST_ZH_2";"JST_ZH_2";"";"";"";"";"";"";"";"";"";"";"";"";"";"";"";"";"";"";"";"";"";"";
"MODE";"SWITCH-MOMENTARY-2-SMD-1101NE";"SWITCH-MOMENTARY-2-SMD-1101NE";"TACTILE-SWITCH-1101NE";"Various NO switches- pushbuttons, reed, etc";"";"";"";"";"";"";"";"";"";"";"";"";"";"";"";"";"";"";"";"";"";
"P2";"CTIJTAG";"CTIJTAG";"CTIJTAG";"";"";"";"";"";"";"";"";"";"";"";"";"";"";"";"";"";"";"";"";"";"";
"P3";"87520-0010BLF";"87520-0010BLF";"87520-0010BLF";"";"";"";"";"";"";"";"";"";"";"";"";"";"";"";"";"";"";"";"";"";"";
"P4";"UX60SC-MB-5ST(80)";"UX60SC-MB-5ST(80)";"UX60SC-MB-5ST(80)";"";"";"";"";"";"";"";"";"";"";"";"";"";"";"";"";"";"";"";"";"";"";
"P10";"SCHA5B0200";"SCHA5B0200";"SCHA5B0200";"";"";"";"";"";"";"";"";"";"";"";"";"";"";"";"";"";"";"";"";"";"";
"PAUSE";"SWITCH-MOMENTARY-2-SMD-1101NE";"SWITCH-MOMENTARY-2-SMD-1101NE";"TACTILE-SWITCH-1101NE";"Various NO switches- pushbuttons, reed, etc";"";"";"";"";"";"";"";"";"";"";"";"";"";"";"";"";"";"";"";"";"";
"PROT";"S-8261";"S-8261";"SOT-236";"";"";"";"";"";"";"";"";"";"";"";"";"";"";"";"";"";"";"";"";"";"";
"PWR";"JST_SH_4";"JST_SH_4";"JST_SH_4_SMD";"";"";"";"";"";"";"";"";"";"";"";"";"";"";"";"";"";"";"";"";"";"";
"Q3";"MOSFET-N";"MOSFET-NCHANNEL";"SO08-TIGHT";"Common NMOSFET Parts";"";"";"";"";"";"";"";"";"";"";"";"";"";"";"";"";"";"";"";"";"";
"Q4";"MOSFET-P";"MOSFET-PCHANNEL";"SO08-TIGHT";"Generic PMOSFET";"";"";"";"";"";"";"";"";"";"";"";"";"";"";"";"";"";"";"";"";"";
"R1";"100K";"R-US_R0402";"R0402";"RESISTOR, American symbol";"";"";"";"";"";"";"";"";"";"";"";"";"";"";"";"";"";"";"";"";"";
"R2";"698";"RESISTOR0402-RES";"0402-RES";"Resistor";"";"";"";"";"";"";"";"";"";"";"";"";"";"";"";"";"";"";"";"";"";
"R3";"1.5K";"R-US_R0402";"R0402";"RESISTOR, American symbol";"";"";"";"";"";"";"";"";"";"";"";"";"";"";"";"";"";"";"";"";"";
"R4";"1.5K";"R-US_R0402";"R0402";"RESISTOR, American symbol";"";"";"";"";"";"";"";"";"";"";"";"";"";"";"";"";"";"";"";"";"";
"R5";"";"R-US_R0402";"R0402";"RESISTOR, American symbol";"";"";"";"";"";"";"";"";"";"";"";"";"";"";"";"";"";"";"";"";"";
"R6";"698";"RESISTOR0402-RES";"0402-RES";"Resistor";"";"";"";"";"";"";"";"";"";"";"";"";"";"";"";"";"";"";"";"";"";
"R6A";"";"R-US_R0402";"R0402";"RESISTOR, American symbol";"";"";"";"";"";"";"";"";"";"";"";"";"";"";"";"";"";"";"";"";"";
"R7";"";"R-US_R0402";"R0402";"RESISTOR, American symbol";"";"";"";"";"";"";"";"";"";"";"";"";"";"";"";"";"";"";"";"";"";
"R8";"";"R-US_R0402";"R0402";"RESISTOR, American symbol";"";"";"";"";"";"";"";"";"";"";"";"";"";"";"";"";"";"";"";"";"";
"R9";"0.1";"RESISTOR0603";"0603-RES";"Resistor";"";"";"";"";"";"";"";"";"";"";"";"";"";"";"";"";"";"";"";"";"";
"R10";"470K";"R-US_R0402";"R0402";"RESISTOR, American symbol";"";"";"";"";"";"";"";"";"";"";"";"";"";"";"";"";"";"";"";"";"";
"R11";"280K";"R-US_R0402";"R0402";"RESISTOR, American symbol";"";"";"";"";"";"";"";"";"";"";"";"";"";"";"";"";"";"";"";"";"";
"R12";"4.75K";"R-US_R0402";"R0402";"RESISTOR, American symbol";"";"";"";"";"";"";"";"";"";"";"";"";"";"";"";"";"";"";"";"";"";
"R13";"10k";"RESISTOR0402-RES";"0402-RES";"Resistor";"";"";"";"";"";"";"";"";"";"";"";"";"";"";"";"";"";"";"";"";"";
"R14";"10k";"RESISTOR0402-RES";"0402-RES";"Resistor";"";"";"";"";"";"";"";"";"";"";"";"";"";"";"";"";"";"";"";"";"";
"R14A";"";"R-US_R0402";"R0402";"RESISTOR, American symbol";"";"";"";"";"";"";"";"";"";"";"";"";"";"";"";"";"";"";"";"";"";
"R15";"301k";"RESISTOR0402-RES";"0402-RES";"Resistor";"";"";"";"";"";"";"";"";"";"";"";"";"";"";"";"";"";"";"";"";"";
"R16";"100k";"RESISTOR0402-RES";"0402-RES";"Resistor";"";"";"";"";"";"";"";"";"";"";"";"";"";"";"";"";"";"";"";"";"";
"R17";"";"R-US_R0402";"R0402";"RESISTOR, American symbol";"";"";"";"";"";"";"";"";"";"";"";"";"";"";"";"";"";"";"";"";"";
"R18";"";"R-US_R0402";"R0402";"RESISTOR, American symbol";"";"";"";"";"";"";"";"";"";"";"";"";"";"";"";"";"";"";"";"";"";
"R19";"";"R-US_R0402";"R0402";"RESISTOR, American symbol";"";"";"";"";"";"";"";"";"";"";"";"";"";"";"";"";"";"";"";"";"";
"R20";"";"R-US_R0402";"R0402";"RESISTOR, American symbol";"";"";"";"";"";"";"";"";"";"";"";"";"";"";"";"";"";"";"";"";"";
"R21";"";"R-US_R0402";"R0402";"RESISTOR, American symbol";"";"";"";"";"";"";"";"";"";"";"";"";"";"";"";"";"";"";"";"";"";
"R22";"";"R-US_R0402";"R0402";"RESISTOR, American symbol";"";"";"";"";"";"";"";"";"";"";"";"";"";"";"";"";"";"";"";"";"";
"R23";"";"R-US_R0402";"R0402";"RESISTOR, American symbol";"";"";"";"";"";"";"";"";"";"";"";"";"";"";"";"";"";"";"";"";"";
"R24";"";"R-US_R0402";"R0402";"RESISTOR, American symbol";"";"";"";"";"";"";"";"";"";"";"";"";"";"";"";"";"";"";"";"";"";
"R25";"";"R-US_R0402";"R0402";"RESISTOR, American symbol";"";"";"";"";"";"";"";"";"";"";"";"";"";"";"";"";"";"";"";"";"";
"R26";"";"R-US_R0402";"R0402";"RESISTOR, American symbol";"";"";"";"";"";"";"";"";"";"";"";"";"";"";"";"";"";"";"";"";"";
"R27";"4.7k";"RESISTOR0402-RES";"0402-RES";"Resistor";"";"";"";"";"";"";"";"";"";"";"";"";"";"";"";"";"";"";"";"";"";
"R27A";"";"R-US_R0402";"R0402";"RESISTOR, American symbol";"";"";"";"";"";"";"";"";"";"";"";"";"";"";"";"";"";"";"";"";"";
"R28";"";"R-US_R0402";"R0402";"RESISTOR, American symbol";"";"";"";"";"";"";"";"";"";"";"";"";"";"";"";"";"";"";"";"";"";
"R29";"";"R-US_R0402";"R0402";"RESISTOR, American symbol";"";"";"";"";"";"";"";"";"";"";"";"";"";"";"";"";"";"";"";"";"";
"R30";"";"R-US_R0402";"R0402";"RESISTOR, American symbol";"";"";"";"";"";"";"";"";"";"";"";"";"";"";"";"";"";"";"";"";"";
"R31";"4.7k";"RESISTOR0402-RES";"0402-RES";"Resistor";"";"";"";"";"";"";"";"";"";"";"";"";"";"";"";"";"";"";"";"";"";
"R32";"4.7k";"RESISTOR0402-RES";"0402-RES";"Resistor";"";"";"";"";"";"";"";"";"";"";"";"";"";"";"";"";"";"";"";"";"";
"R33";"4.7k";"RESISTOR0402-RES";"0402-RES";"Resistor";"";"";"";"";"";"";"";"";"";"";"";"";"";"";"";"";"";"";"";"";"";
"R34";"261";"RESISTOR0402-RES";"0402-RES";"Resistor";"";"";"";"";"";"";"";"";"";"";"";"";"";"";"";"";"";"";"";"";"";
"R35";"261";"RESISTOR0402-RES";"0402-RES";"Resistor";"";"";"";"";"";"";"";"";"";"";"";"";"";"";"";"";"";"";"";"";"";
"R36";"100k";"RESISTOR0402-RES";"0402-RES";"Resistor";"";"";"";"";"";"";"";"";"";"";"";"";"";"";"";"";"";"";"";"";"";
"R37";"100k";"RESISTOR0402-RES";"0402-RES";"Resistor";"";"";"";"";"";"";"";"";"";"";"";"";"";"";"";"";"";"";"";"";"";
"R38";"47k";"RESISTOR0402-RES";"0402-RES";"Resistor";"";"";"";"";"";"";"";"";"";"";"";"";"";"";"";"";"";"";"";"";"";
"R39";"4.7k";"RESISTOR0402-RES";"0402-RES";"Resistor";"";"";"";"";"";"";"";"";"";"";"";"";"";"";"";"";"";"";"";"";"";
"R40";"1K";"RESISTOR0402-RES";"0402-RES";"Resistor";"";"";"";"";"";"";"";"";"";"";"";"";"";"";"";"";"";"";"";"";"";
"R41";"1K";"RESISTOR0402-RES";"0402-RES";"Resistor";"";"";"";"";"";"";"";"";"";"";"";"";"";"";"";"";"";"";"";"";"";
"R42";"1K";"RESISTOR0402-RES";"0402-RES";"Resistor";"";"";"";"";"";"";"";"";"";"";"";"";"";"";"";"";"";"";"";"";"";
"R43";"1K";"RESISTOR0402-RES";"0402-RES";"Resistor";"";"";"";"";"";"";"";"";"";"";"";"";"";"";"";"";"";"";"";"";"";
"R44";"1K";"RESISTOR0402-RES";"0402-RES";"Resistor";"";"";"";"";"";"";"";"";"";"";"";"";"";"";"";"";"";"";"";"";"";
"R45";"";"R-US_R0402";"R0402";"RESISTOR, American symbol";"";"";"";"";"";"";"";"";"";"";"";"";"";"";"";"";"";"";"";"";"";
"R46";"";"R-US_R0402";"R0402";"RESISTOR, American symbol";"";"";"";"";"";"";"";"";"";"";"";"";"";"";"";"";"";"";"";"";"";
"R47";"";"R-US_R0402";"R0402";"RESISTOR, American symbol";"";"";"";"";"";"";"";"";"";"";"";"";"";"";"";"";"";"";"";"";"";
"R48";"";"R-US_R0402";"R0402";"RESISTOR, American symbol";"";"";"";"";"";"";"";"";"";"";"";"";"";"";"";"";"";"";"";"";"";
"R49";"";"R-US_R0402";"R0402";"RESISTOR, American symbol";"";"";"";"";"";"";"";"";"";"";"";"";"";"";"";"";"";"";"";"";"";
"R50";"1k";"R-US_R0402";"R0402";"RESISTOR, American symbol";"";"";"";"";"";"";"";"";"";"";"";"";"";"";"";"";"";"";"";"";"";
"R52";"";"R-US_R0402";"R0402";"RESISTOR, American symbol";"";"";"";"";"";"";"";"";"";"";"";"";"";"";"";"";"";"";"";"";"";
"R53";"";"R-US_R0402";"R0402";"RESISTOR, American symbol";"";"";"";"";"";"";"";"";"";"";"";"";"";"";"";"";"";"";"";"";"";
"R54";"";"R-US_R0402";"R0402";"RESISTOR, American symbol";"";"";"";"";"";"";"";"";"";"";"";"";"";"";"";"";"";"";"";"";"";
"R55";"";"R-US_R0402";"R0402";"RESISTOR, American symbol";"";"";"";"";"";"";"";"";"";"";"";"";"";"";"";"";"";"";"";"";"";
"R56";"";"R-US_R0402";"R0402";"RESISTOR, American symbol";"";"";"";"";"";"";"";"";"";"";"";"";"";"";"";"";"";"";"";"";"";
"R57";"";"R-US_R0402";"R0402";"RESISTOR, American symbol";"";"";"";"";"";"";"";"";"";"";"";"";"";"";"";"";"";"";"";"";"";
"R58";"";"R-US_R0402";"R0402";"RESISTOR, American symbol";"";"";"";"";"";"";"";"";"";"";"";"";"";"";"";"";"";"";"";"";"";
"R59";"";"R-US_R0402";"R0402";"RESISTOR, American symbol";"";"";"";"";"";"";"";"";"";"";"";"";"";"";"";"";"";"";"";"";"";
"R60";"";"R-US_R0402";"R0402";"RESISTOR, American symbol";"";"";"";"";"";"";"";"";"";"";"";"";"";"";"";"";"";"";"";"";"";
"R61";"";"R-US_R0402";"R0402";"RESISTOR, American symbol";"";"";"";"";"";"";"";"";"";"";"";"";"";"";"";"";"";"";"";"";"";
"R62";"";"R-US_R0402";"R0402";"RESISTOR, American symbol";"";"";"";"";"";"";"";"";"";"";"";"";"";"";"";"";"";"";"";"";"";
"R63";"";"R-US_R0402";"R0402";"RESISTOR, American symbol";"";"";"";"";"";"";"";"";"";"";"";"";"";"";"";"";"";"";"";"";"";
"R64";"";"R-US_R0402";"R0402";"RESISTOR, American symbol";"";"";"";"";"";"";"";"";"";"";"";"";"";"";"";"";"";"";"";"";"";
"R65";"";"R-US_R0402";"R0402";"RESISTOR, American symbol";"";"";"";"";"";"";"";"";"";"";"";"";"";"";"";"";"";"";"";"";"";
"R66";"";"R-US_R0402";"R0402";"RESISTOR, American symbol";"";"";"";"";"";"";"";"";"";"";"";"";"";"";"";"";"";"";"";"";"";
"R67";"";"R-US_R0402";"R0402";"RESISTOR, American symbol";"";"";"";"";"";"";"";"";"";"";"";"";"";"";"";"";"";"";"";"";"";
"R68";"";"R-US_R0402";"R0402";"RESISTOR, American symbol";"";"";"";"";"";"";"";"";"";"";"";"";"";"";"";"";"";"";"";"";"";
"R69";"";"R-US_R0402";"R0402";"RESISTOR, American symbol";"";"";"";"";"";"";"";"";"";"";"";"";"";"";"";"";"";"";"";"";"";
"R70";"";"R-US_R0402";"R0402";"RESISTOR, American symbol";"";"";"";"";"";"";"";"";"";"";"";"";"";"";"";"";"";"";"";"";"";
"R71";"";"R-US_R0402";"R0402";"RESISTOR, American symbol";"";"";"";"";"";"";"";"";"";"";"";"";"";"";"";"";"";"";"";"";"";
"R72";"";"R-US_R0402";"R0402";"RESISTOR, American symbol";"";"";"";"";"";"";"";"";"";"";"";"";"";"";"";"";"";"";"";"";"";
"R73";"";"R-US_R0402";"R0402";"RESISTOR, American symbol";"";"";"";"";"";"";"";"";"";"";"";"";"";"";"";"";"";"";"";"";"";
"R74";"";"R-US_R0402";"R0402";"RESISTOR, American symbol";"";"";"";"";"";"";"";"";"";"";"";"";"";"";"";"";"";"";"";"";"";
"R75";"";"R-US_R0402";"R0402";"RESISTOR, American symbol";"";"";"";"";"";"";"";"";"";"";"";"";"";"";"";"";"";"";"";"";"";
"R76";"";"R-US_R0402";"R0402";"RESISTOR, American symbol";"";"";"";"";"";"";"";"";"";"";"";"";"";"";"";"";"";"";"";"";"";
"R77";"";"R-US_R0402";"R0402";"RESISTOR, American symbol";"";"";"";"";"";"";"";"";"";"";"";"";"";"";"";"";"";"";"";"";"";
"R78";"";"R-US_R0402";"R0402";"RESISTOR, American symbol";"";"";"";"";"";"";"";"";"";"";"";"";"";"";"";"";"";"";"";"";"";
"R79";"";"R-US_R0402";"R0402";"RESISTOR, American symbol";"";"";"";"";"";"";"";"";"";"";"";"";"";"";"";"";"";"";"";"";"";
"R80";"";"R-US_R0402";"R0402";"RESISTOR, American symbol";"";"";"";"";"";"";"";"";"";"";"";"";"";"";"";"";"";"";"";"";"";
"R81";"";"R-US_R0402";"R0402";"RESISTOR, American symbol";"";"";"";"";"";"";"";"";"";"";"";"";"";"";"";"";"";"";"";"";"";
"R82";"";"R-US_R0402";"R0402";"RESISTOR, American symbol";"";"";"";"";"";"";"";"";"";"";"";"";"";"";"";"";"";"";"";"";"";
"R83";"";"R-US_R0402";"R0402";"RESISTOR, American symbol";"";"";"";"";"";"";"";"";"";"";"";"";"";"";"";"";"";"";"";"";"";
"R84";"";"R-US_R0402";"R0402";"RESISTOR, American symbol";"";"";"";"";"";"";"";"";"";"";"";"";"";"";"";"";"";"";"";"";"";
"R85";"";"R-US_R0402";"R0402";"RESISTOR, American symbol";"";"";"";"";"";"";"";"";"";"";"";"";"";"";"";"";"";"";"";"";"";
"R86";"";"R-US_R0402";"R0402";"RESISTOR, American symbol";"";"";"";"";"";"";"";"";"";"";"";"";"";"";"";"";"";"";"";"";"";
"R87";"";"R-US_R0402";"R0402";"RESISTOR, American symbol";"";"";"";"";"";"";"";"";"";"";"";"";"";"";"";"";"";"";"";"";"";
"R88";"";"R-US_R0402";"R0402";"RESISTOR, American symbol";"";"";"";"";"";"";"";"";"";"";"";"";"";"";"";"";"";"";"";"";"";
"R89";"";"R-US_R0402";"R0402";"RESISTOR, American symbol";"";"";"";"";"";"";"";"";"";"";"";"";"";"";"";"";"";"";"";"";"";
"R90";"";"R-US_R0402";"R0402";"RESISTOR, American symbol";"";"";"";"";"";"";"";"";"";"";"";"";"";"";"";"";"";"";"";"";"";
"R91";"";"R-US_R0402";"R0402";"RESISTOR, American symbol";"";"";"";"";"";"";"";"";"";"";"";"";"";"";"";"";"";"";"";"";"";
"R92";"";"R-US_R0402";"R0402";"RESISTOR, American symbol";"";"";"";"";"";"";"";"";"";"";"";"";"";"";"";"";"";"";"";"";"";
"R93";"";"R-US_R0402";"R0402";"RESISTOR, American symbol";"";"";"";"";"";"";"";"";"";"";"";"";"";"";"";"";"";"";"";"";"";
"R94";"";"R-US_R0402";"R0402";"RESISTOR, American symbol";"";"";"";"";"";"";"";"";"";"";"";"";"";"";"";"";"";"";"";"";"";
"R95";"100k";"R-US_R0402";"R0402";"RESISTOR, American symbol";"";"";"";"";"";"";"";"";"";"";"";"";"";"";"";"";"";"";"";"";"";
"R96";"";"R-US_R0402";"R0402";"RESISTOR, American symbol";"";"";"";"";"";"";"";"";"";"";"";"";"";"";"";"";"";"";"";"";"";
"R97";"";"R-US_R0402";"R0402";"RESISTOR, American symbol";"";"";"";"";"";"";"";"";"";"";"";"";"";"";"";"";"";"";"";"";"";
"R98";"";"R-US_R0402";"R0402";"RESISTOR, American symbol";"";"";"";"";"";"";"";"";"";"";"";"";"";"";"";"";"";"";"";"";"";
"R99";"";"R-US_R0402";"R0402";"RESISTOR, American symbol";"";"";"";"";"";"";"";"";"";"";"";"";"";"";"";"";"";"";"";"";"";
"R100";"";"R-US_R0402";"R0402";"RESISTOR, American symbol";"";"";"";"";"";"";"";"";"";"";"";"";"";"";"";"";"";"";"";"";"";
"R101";"";"R-US_R0402";"R0402";"RESISTOR, American symbol";"";"";"";"";"";"";"";"";"";"";"";"";"";"";"";"";"";"";"";"";"";
"R102";"";"R-US_R0402";"R0402";"RESISTOR, American symbol";"";"";"";"";"";"";"";"";"";"";"";"";"";"";"";"";"";"";"";"";"";
"R103";"";"R-US_R0402";"R0402";"RESISTOR, American symbol";"";"";"";"";"";"";"";"";"";"";"";"";"";"";"";"";"";"";"";"";"";
"R104";"";"R-US_R0402";"R0402";"RESISTOR, American symbol";"";"";"";"";"";"";"";"";"";"";"";"";"";"";"";"";"";"";"";"";"";
"R105";"";"R-US_R0402";"R0402";"RESISTOR, American symbol";"";"";"";"";"";"";"";"";"";"";"";"";"";"";"";"";"";"";"";"";"";
"R106";"";"R-US_R0402";"R0402";"RESISTOR, American symbol";"";"";"";"";"";"";"";"";"";"";"";"";"";"";"";"";"";"";"";"";"";
"R107";"";"R-US_R0402";"R0402";"RESISTOR, American symbol";"";"";"";"";"";"";"";"";"";"";"";"";"";"";"";"";"";"";"";"";"";
"R108";"";"R-US_R0402";"R0402";"RESISTOR, American symbol";"";"";"";"";"";"";"";"";"";"";"";"";"";"";"";"";"";"";"";"";"";
"R109";"";"R-US_R0402";"R0402";"RESISTOR, American symbol";"";"";"";"";"";"";"";"";"";"";"";"";"";"";"";"";"";"";"";"";"";
"R110";"";"R-US_R0402";"R0402";"RESISTOR, American symbol";"";"";"";"";"";"";"";"";"";"";"";"";"";"";"";"";"";"";"";"";"";
"R111";"";"R-US_R0402";"R0402";"RESISTOR, American symbol";"";"";"";"";"";"";"";"";"";"";"";"";"";"";"";"";"";"";"";"";"";
"R112";"0";"RESISTOR0603";"0603-RES";"Resistor";"";"";"";"";"";"";"";"";"";"";"";"";"";"";"";"";"";"";"";"";"";
"R113";"4.7k";"RESISTOR0402-RES";"0402-RES";"Resistor";"";"";"";"";"";"";"";"";"";"";"";"";"";"";"";"";"";"";"";"";"";
"R114";"4.7k";"RESISTOR0402-RES";"0402-RES";"Resistor";"";"";"";"";"";"";"";"";"";"";"";"";"";"";"";"";"";"";"";"";"";
"R115";"4.7k";"RESISTOR0402-RES";"0402-RES";"Resistor";"";"";"";"";"";"";"";"";"";"";"";"";"";"";"";"";"";"";"";"";"";
"R116";"4.7k";"RESISTOR0402-RES";"0402-RES";"Resistor";"";"";"";"";"";"";"";"";"";"";"";"";"";"";"";"";"";"";"";"";"";
"R117";"4.7k";"RESISTOR0402-RES";"0402-RES";"Resistor";"";"";"";"";"";"";"";"";"";"";"";"";"";"";"";"";"";"";"";"";"";
"R118";"4.7k";"RESISTOR0402-RES";"0402-RES";"Resistor";"";"";"";"";"";"";"";"";"";"";"";"";"";"";"";"";"";"";"";"";"";
"R119";"4.7k";"RESISTOR0402-RES";"0402-RES";"Resistor";"";"";"";"";"";"";"";"";"";"";"";"";"";"";"";"";"";"";"";"";"";
"R120";"4.7k";"RESISTOR0402-RES";"0402-RES";"Resistor";"";"";"";"";"";"";"";"";"";"";"";"";"";"";"";"";"";"";"";"";"";
"R121";"1k";"RESISTOR0402-RES";"0402-RES";"Resistor";"";"";"";"";"";"";"";"";"";"";"";"";"";"";"";"";"";"";"";"";"";
"R150";"";"R-US_R0402";"R0402";"RESISTOR, American symbol";"";"";"";"";"";"";"";"";"";"";"";"";"";"";"";"";"";"";"";"";"";
"R151";"";"R-US_R0402";"R0402";"RESISTOR, American symbol";"";"";"";"";"";"";"";"";"";"";"";"";"";"";"";"";"";"";"";"";"";
"R152";"";"R-US_R0402";"R0402";"RESISTOR, American symbol";"";"";"";"";"";"";"";"";"";"";"";"";"";"";"";"";"";"";"";"";"";
"R153";"";"R-US_R0402";"R0402";"RESISTOR, American symbol";"";"";"";"";"";"";"";"";"";"";"";"";"";"";"";"";"";"";"";"";"";
"R154";"";"R-US_R0402";"R0402";"RESISTOR, American symbol";"";"";"";"";"";"";"";"";"";"";"";"";"";"";"";"";"";"";"";"";"";
"R155";"";"R-US_R0402";"R0402";"RESISTOR, American symbol";"";"";"";"";"";"";"";"";"";"";"";"";"";"";"";"";"";"";"";"";"";
"R156";"";"R-US_R0402";"R0402";"RESISTOR, American symbol";"";"";"";"";"";"";"";"";"";"";"";"";"";"";"";"";"";"";"";"";"";
"R157";"";"R-US_R0402";"R0402";"RESISTOR, American symbol";"";"";"";"";"";"";"";"";"";"";"";"";"";"";"";"";"";"";"";"";"";
"R159";"";"R-US_R0402";"R0402";"RESISTOR, American symbol";"";"";"";"";"";"";"";"";"";"";"";"";"";"";"";"";"";"";"";"";"";
"R160";"";"R-US_R0402";"R0402";"RESISTOR, American symbol";"";"";"";"";"";"";"";"";"";"";"";"";"";"";"";"";"";"";"";"";"";
"R161";"";"R-US_R0402";"R0402";"RESISTOR, American symbol";"";"";"";"";"";"";"";"";"";"";"";"";"";"";"";"";"";"";"";"";"";
"R162";"";"R-US_R0402";"R0402";"RESISTOR, American symbol";"";"";"";"";"";"";"";"";"";"";"";"";"";"";"";"";"";"";"";"";"";
"R163";"";"R-US_R0402";"R0402";"RESISTOR, American symbol";"";"";"";"";"";"";"";"";"";"";"";"";"";"";"";"";"";"";"";"";"";
"R164";"";"R-US_R0402";"R0402";"RESISTOR, American symbol";"";"";"";"";"";"";"";"";"";"";"";"";"";"";"";"";"";"";"";"";"";
"R165";"";"R-US_R0402";"R0402";"RESISTOR, American symbol";"";"";"";"";"";"";"";"";"";"";"";"";"";"";"";"";"";"";"";"";"";
"R167";"";"R-US_R0402";"R0402";"RESISTOR, American symbol";"";"";"";"";"";"";"";"";"";"";"";"";"";"";"";"";"";"";"";"";"";
"R168";"1K";"RESISTOR0402-RES";"0402-RES";"Resistor";"";"";"";"";"";"";"";"";"";"";"";"";"";"";"";"";"";"";"";"";"";
"R169";"261";"RESISTOR0402-RES";"0402-RES";"Resistor";"";"";"";"";"";"";"";"";"";"";"";"";"";"";"";"";"";"";"";"";"";
"R170";"261";"RESISTOR0402-RES";"0402-RES";"Resistor";"";"";"";"";"";"";"";"";"";"";"";"";"";"";"";"";"";"";"";"";"";
"R171";"261";"RESISTOR0402-RES";"0402-RES";"Resistor";"";"";"";"";"";"";"";"";"";"";"";"";"";"";"";"";"";"";"";"";"";
"R172";"261";"RESISTOR0402-RES";"0402-RES";"Resistor";"";"";"";"";"";"";"";"";"";"";"";"";"";"";"";"";"";"";"";"";"";
"R173";"47k";"RESISTOR0402-RES";"0402-RES";"Resistor";"";"";"";"";"";"";"";"";"";"";"";"";"";"";"";"";"";"";"";"";"";
"R174";"4.7k";"RESISTOR0402-RES";"0402-RES";"Resistor";"";"";"";"";"";"";"";"";"";"";"";"";"";"";"";"";"";"";"";"";"";
"R175";"4.7k";"RESISTOR0402-RES";"0402-RES";"Resistor";"";"";"";"";"";"";"";"";"";"";"";"";"";"";"";"";"";"";"";"";"";
"R176";"4.7k";"RESISTOR0402-RES";"0402-RES";"Resistor";"";"";"";"";"";"";"";"";"";"";"";"";"";"";"";"";"";"";"";"";"";
"R177";"4.7k";"RESISTOR0402-RES";"0402-RES";"Resistor";"";"";"";"";"";"";"";"";"";"";"";"";"";"";"";"";"";"";"";"";"";
"R178";"4.7k";"RESISTOR0402-RES";"0402-RES";"Resistor";"";"";"";"";"";"";"";"";"";"";"";"";"";"";"";"";"";"";"";"";"";
"R179";"4.7k";"RESISTOR0402-RES";"0402-RES";"Resistor";"";"";"";"";"";"";"";"";"";"";"";"";"";"";"";"";"";"";"";"";"";
"R180";"4.7k";"RESISTOR0402-RES";"0402-RES";"Resistor";"";"";"";"";"";"";"";"";"";"";"";"";"";"";"";"";"";"";"";"";"";
"R181";"4.7k";"RESISTOR0402-RES";"0402-RES";"Resistor";"";"";"";"";"";"";"";"";"";"";"";"";"";"";"";"";"";"";"";"";"";
"R182";"4.7k";"RESISTOR0402-RES";"0402-RES";"Resistor";"";"";"";"";"";"";"";"";"";"";"";"";"";"";"";"";"";"";"";"";"";
"R183";"100";"RESISTOR0402-RES";"0402-RES";"Resistor";"";"";"";"";"";"";"";"";"";"";"";"";"";"";"";"";"";"";"";"";"";
"R184";"160";"RESISTOR0402-RES";"0402-RES";"Resistor";"";"";"";"";"";"";"";"";"";"";"";"";"";"";"";"";"";"";"";"";"";
"R185";"261";"RESISTOR0402-RES";"0402-RES";"Resistor";"";"";"";"";"";"";"";"";"";"";"";"";"";"";"";"";"";"";"";"";"";
"R186";"100";"RESISTOR0402-RES";"0402-RES";"Resistor";"";"";"";"";"";"";"";"";"";"";"";"";"";"";"";"";"";"";"";"";"";
"R187";"1K";"RESISTOR0402-RES";"0402-RES";"Resistor";"";"";"";"";"";"";"";"";"";"";"";"";"";"";"";"";"";"";"";"";"";
"R188";"1K";"RESISTOR0402-RES";"0402-RES";"Resistor";"";"";"";"";"";"";"";"";"";"";"";"";"";"";"";"";"";"";"";"";"";
"R189";"698";"RESISTOR0402-RES";"0402-RES";"Resistor";"";"";"";"";"";"";"";"";"";"";"";"";"";"";"";"";"";"";"";"";"";
"R190";"47k";"RESISTOR0402-RES";"0402-RES";"Resistor";"";"";"";"";"";"";"";"";"";"";"";"";"";"";"";"";"";"";"";"";"";
"R191";"100k";"RESISTOR0402-RES";"0402-RES";"Resistor";"";"";"";"";"";"";"";"";"";"";"";"";"";"";"";"";"";"";"";"";"";
"R192";"10k";"RESISTOR0402-RES";"0402-RES";"Resistor";"";"";"";"";"";"";"";"";"";"";"";"";"";"";"";"";"";"";"";"";"";
"R193";"65k";"RESISTOR0402-RES";"0402-RES";"Resistor";"";"";"";"";"";"";"";"";"";"";"";"";"";"";"";"";"";"";"";"";"";
"RED";"RED";"LED0603";"LED-0603";"LEDs";"";"";"";"";"";"";"";"";"";"";"";"";"";"";"";"";"";"";"";"";"";
"S1";"KMR231GLFS";"KMR231GLFS";"KMR231GLFS";"";"";"";"";"";"";"";"";"";"";"";"";"";"";"";"";"";"";"";"";"";"";
"S2";"KMR231GLFS";"KMR231GLFS";"KMR231GLFS";"";"";"";"";"";"";"";"";"";"";"";"";"";"";"";"";"";"";"";"";"";"";
"S3";"KMR231GLFS";"KMR231GLFS";"KMR231GLFS";"";"";"";"";"";"";"";"";"";"";"";"";"";"";"";"";"";"";"";"";"";"";
"SPI1.1";"JST_SH_6";"JST_SH_6";"JST_SH_6";"";"";"";"";"";"";"";"";"";"";"";"";"";"";"";"";"";"";"";"";"";"";
"SPI1.2";"JST_SH_6";"JST_SH_6";"JST_SH_6";"";"";"";"";"";"";"";"";"";"";"";"";"";"";"";"";"";"";"";"";"";"";
"TP2";"TESTPOINT";"TESTPOINT";"TESTPOINT";"";"";"";"";"";"";"";"";"";"";"";"";"";"";"";"";"";"";"";"";"";"";
"TP3";"TESTPOINT";"TESTPOINT";"TESTPOINT";"";"";"";"";"";"";"";"";"";"";"";"";"";"";"";"";"";"";"";"";"";"";
"TP4";"TESTPOINT";"TESTPOINT";"TESTPOINT";"";"";"";"";"";"";"";"";"";"";"";"";"";"";"";"";"";"";"";"";"";"";
"TP5";"TESTPOINT";"TESTPOINT";"TESTPOINT";"";"";"";"";"";"";"";"";"";"";"";"";"";"";"";"";"";"";"";"";"";"";
"TP6";"TESTPOINT";"TESTPOINT";"TESTPOINT";"";"";"";"";"";"";"";"";"";"";"";"";"";"";"";"";"";"";"";"";"";"";
"TP7";"TESTPOINT";"TESTPOINT";"TESTPOINT";"";"";"";"";"";"";"";"";"";"";"";"";"";"";"";"";"";"";"";"";"";"";
"TP8";"TESTPOINT";"TESTPOINT";"TESTPOINT";"";"";"";"";"";"";"";"";"";"";"";"";"";"";"";"";"";"";"";"";"";"";
"TP12";"TESTPOINT";"TESTPOINT";"TESTPOINT";"";"";"";"";"";"";"";"";"";"";"";"";"";"";"";"";"";"";"";"";"";"";
"U$1";"PJ-002A";"PJ-002A";"PJ-002A";"";"";"";"";"";"";"";"";"";"";"";"";"";"";"";"";"";"";"";"";"";"";
"U$3";"TPS65217C";"TPS65217C";"TPS65217C";"";"";"";"";"";"";"";"";"";"";"";"";"";"";"";"";"";"";"";"";"";"";
"U$4";"DMC564040R";"DMC564040R";"DMC564040R";"";"";"";"";"";"";"";"";"";"";"";"";"";"";"";"";"";"";"";"";"";"";
"U$5";"DMC564040R";"DMC564040R";"DMC564040R";"";"";"";"";"";"";"";"";"";"";"";"";"";"";"";"";"";"";"";"";"";"";
"U$14";"SERVO_HEADERS_8X";"SERVO_HEADERS_8X";"3X8_0.1"_HEADER";"";"";"";"";"";"";"";"";"";"";"";"";"";"";"";"";"";"";"";"";"";"";
"U1";"MPU-9250";"MPU-9250";"QFN24G-0.4-3X3MM";"314990005";"";"";"";"";"";"";"";"";"MPU-9250";"";"";"";"";"";"";"";"";"";"";"MPU-9250";"";
"U3";"SN74LVC1G06DCK";"SN74LVC1G06_DCK_5";"DCK5";"";"http://www.ti.com/lit/gpn/SN74LVC1G06";"Single Inverter Buffer/Driver With Open-Drain Output";"LL INVERTING BUFFER AND DRIVER";"SN74LVC1G06";"SC70";"Texas Instruments";"sn74lvc1g06_dck_5";"";"";"";"";"";"DCK";"5";"";"";"";"";"";"";"Texas Instruments";
"U4";"TL5209";"TL5209";"TL5209";"";"";"";"";"";"";"";"";"";"";"";"";"";"";"";"";"";"";"";"";"";"";
"U5";"AM3358_BZCZ_324";"AM3358_BZCZ_324";"BZCZ324";"";"";"";"";"";"";"";"";"";"";"";"";"";"";"";"";"";"";"";"";"";"";
"U6";"SN74LVC1G74_DCT_8";"SN74LVC1G74_DCT_8";"DCT8";"";"http://www.ti.com/lit/gpn/SN74LVC1G74";"Single Positive-Edge-Triggered D-Type Flip-Flop With Clear and Preset";"LL FLIP-FLOP";"SN74LVC1G74";"SM8";"Texas Instruments";"sn74lvc1g74_dct_8";"";"";"";"";"";"DCT";"8";"";"";"";"";"";"";"Texas Instruments";
"U7";"24LC_32AT-I/OT";"24LC_32AT-I/OT";"SOT95P290X145-5N";"IC, I2C Serial EEPROM,SOT-23-5";"";"";"";"";"";"";"";"";"24LC32AT-I/OT";"1700993  ";"08P0113";"SOT-23-5 ";"";"";"";"";"";"MICROCHIP";"";"";"";
"U8";"TPS2051BD";"TPS2051B_D_8";"D8";"";"http://www.ti.com/lit/gpn/TPS2051B";"Single, Current-Limited, Power-Distribution Switch";"USB POWER SWITCH";"TPS2051B";"SOIC";"Texas Instruments";"tps2051b_d_8";"";"";"";"";"";"D";"8";"";"";"";"";"";"";"Texas Instruments";
"U9";"TPD4S012";"TPD4S012_DRY_6";"DRY6";"";"http://www.ti.com/lit/gpn/TPD4S012";"4-Channel USB ESD Solution with Power Clamp";"ESD Solution";"TPD4S012";"SON";"Texas Instruments";"tpd4s012_dry_6";"";"";"";"";"";"DRY";"6";"";"";"";"";"";"";"Texas Instruments";
"U10";"TPD4S012";"TPD4S012_DRY_6";"DRY6";"";"http://www.ti.com/lit/gpn/TPD4S012";"4-Channel USB ESD Solution with Power Clamp";"ESD Solution";"TPD4S012";"SON";"Texas Instruments";"tpd4s012_dry_6";"";"";"";"";"";"DRY";"6";"";"";"";"";"";"";"Texas Instruments";
"U12";"MT41K256M16HA";"MT41K256M16HA";"MT41K256M16HA";"";"";"";"";"";"";"";"";"";"";"";"";"";"";"";"";"";"";"";"";"";"";
"U13";"";"MTFC4GLDEA";"MTFC4GLDEA";"";"";"";"";"";"";"";"";"";"";"";"";"";"";"";"";"";"";"";"";"";"";
"U15";"SN74LVC2G241DCU";"SN74LVC2G241_DCU_8";"DCU8";"";"http://www.ti.com/lit/gpn/SN74LVC2G241";"Dual Buffer/Driver With 3-State Outputs";"LL BUFFER AND DRIVER WITH 3-STATE OUTPUT";"SN74LVC2G241";"US8";"Texas Instruments";"sn74lvc2g241_dcu_8";"";"";"";"";"";"DCU";"8";"";"";"";"";"";"";"Texas Instruments";
"U16";"SN74LVC1G07DCK";"SN74LVC1G07_DCK_5";"DCK5";"";"http://www.ti.com/lit/gpn/SN74LVC1G07";"Single Buffer/Driver With Open-Drain Output";"LL BUFFER AND DRIVER WITH OPEN-DRAIN OUTPUT";"SN74LVC1G07";"SC70";"Texas Instruments";"sn74lvc1g07_dck_5";"";"";"";"";"";"DCK";"5";"";"";"";"";"";"";"Texas Instruments";
"UART1";"JST_SH_4";"JST_SH_4";"JST_SH_4_SMD";"";"";"";"";"";"";"";"";"";"";"";"";"";"";"";"";"";"";"";"";"";"";
"UART5";"JST_SH_4";"JST_SH_4";"JST_SH_4_SMD";"";"";"";"";"";"";"";"";"";"";"";"";"";"";"";"";"";"";"";"";"";"";
"Y1";"CM200C-32.768KAZF-UT";"CM200C-32.768KAZF-UT";"CM200C-32.768KAZF-UT";"";"";"";"";"";"";"";"";"";"";"";"";"";"";"";"";"";"";"";"";"";"";
"Y2";"445C33D24M00000";"445C33D24M00000";"445C33D24M00000";"";"";"";"";"";"";"";"";"";"";"";"";"";"";"";"";"";"";"";"";"";"";
"Y4";"ASDMB-24.576MHZ-LC-T";"ASDMB-24.576MHZ-LC-T";"ASDMB-24.576MHZ-LC-T";"";"";"";"";"";"";"";"";"";"";"";"";"";"";"";"";"";"";"";"";"";"";
